,one,two,three,four,five,six,seven,eight,nine,ten
0,10.0958423513199,0.60305197357066,-0.091276788259144,0.724263799437351,-1.27273620396268,0.448233426487452,2,43.5331022154064,7.71186615838233,0.506373677808724
1,11.31614618613,0.551393492195259,-0.057162848500636,0.168388134356826,1.86204690781276,0.022198638509494,4,48.3528670638701,8.08002611712641,12.4191687253288
2,9.72252775935475,-1.37654634712397,-0.19609792952411,-2.04543530560625,0.270153296006514,-1.22709547683696,2,44.5013744344993,7.95042898079724,-12.4731593940171
3,11.5016886585245,-0.231582997972096,-0.630636139069632,-0.392855363530297,-0.979028919060511,-0.201812292972134,1,36.060921926381,7.58874585051007,-5.96192671873649
4,10.4086289489039,-0.515598345404626,-0.209839466719931,-1.12106899371157,-0.912673203556055,-0.644934731309098,0,26.0947652935052,6.99432507455332,-15.98010656296
5,9.96398257742101,0.415364667778523,0.61263175302674,-0.512566423616576,0.849517370087366,0.435752952362725,2,20.3667937137415,6.4587550180988,-3.95810992747647
6,9.14208935277129,-0.406400324328544,-0.393547477327045,-0.078382646283313,-1.874171054836,-0.103262718457385,3,40.5862799865805,7.1722900251319,-10.5325518860107
7,10.2632965696558,1.06397204564971,-0.047095413522792,0.148706277595489,-0.655727459256083,-0.467734103836113,3,25.7769699566311,8.34874173213132,1.92198203328366
8,9.8794215326928,-0.274514722283317,0.549969731219574,0.133019191339921,-0.785521178538214,0.981904006160433,3,45.0685715666577,8.3061039712289,3.73132543279685
9,9.93391315531142,-0.949435504655467,0.333244259994991,-1.00695481253837,0.746923971267286,-0.995498807169567,1,26.686275301209,8.17760157180046,-9.53847794478604
10,10.8636650070104,-0.125635255475549,-0.875551416890741,0.183937294275318,-1.61097029058101,-0.361916915420518,2,25.4301389261561,7.80626842893255,-7.34086595741722
11,10.5801715098868,0.106126985328068,0.035851944422161,-0.083609182892691,0.268814466699791,0.21395050127743,0,21.985474690909,6.86696068411519,-7.32793257830842
12,10.2713690503086,0.847735492753669,0.602650757451309,1.21337502369927,1.07858491203777,0.22743994956284,5,44.3363960908892,7.79132657748797,12.3423794844703
13,9.91068124028652,-1.47068881500342,1.19189024413584,-2.45350540684757,0.051892856493663,-0.676039619669731,5,38.3987983221453,7.3982183558772,-7.85385782363092
14,9.49970883559022,-0.628495314504284,-0.926452825769692,-0.840134390968368,-0.885134160437132,-0.986660605846942,2,47.0523585597022,7.47802444977805,-12.7698353279314
15,10.0510159535335,1.75283053179579,-0.648050637861656,1.06454798578738,0.18153323279962,0.741937675852722,1,44.2179315008078,7.85118082912967,7.44249712894927
16,9.7737979104026,-1.73437585568122,0.516483787449998,-1.7372918036108,0.525432703079704,-0.97389874530459,3,26.7747913618692,8.08242579090523,-11.0322578049424
17,9.72233889986466,0.608340254775325,0.949064669003583,0.999516441352614,0.44288486743435,0.151759296309862,1,39.966355620616,7.35795686802656,0.606915993600989
18,12.0853901414286,0.282060523046628,0.428582870116472,-0.178111460999489,0.021263171638111,-0.497179540282504,1,25.9053545266729,9.5215611184614,5.82570988495247
19,10.3256809358557,-0.029760424463023,-1.10555272443628,-0.111578749181017,-0.309488804706249,-0.064940608055224,2,26.7617009121419,8.1593029649195,-3.56117834457739
20,8.98329024945407,0.479933142206525,0.494383554383578,0.023569318855132,-1.3085933597469,1.22298046629228,1,38.9904124451231,7.95270010701906,-0.979130888404859
21,10.1197380363951,-1.45333022522159,0.795112693305476,-1.02435424708365,-0.050459310891999,-1.52582807488222,4,41.3235690691192,7.23319063404396,-11.163934004078
22,11.0201290393951,0.14638864489219,-0.668264928937833,0.958699454701707,-0.363483707720855,1.24796284061172,2,21.1320215008365,7.99336146627792,3.54435899256266
23,10.5304571879434,-0.139873810530924,-0.175379521070605,1.47045381824411,-1.07089704544931,0.408222681109961,6,49.7010335720359,7.84740597827216,7.12366922467971
24,9.6973090347381,-0.896431855869006,0.683932978261085,-0.035734206036553,0.993661169898944,0.156379860462554,7,29.1439591109098,7.77274203903422,4.21094361313045
25,10.152565292769,-0.685455736021399,-0.912913454593491,-1.25083842561944,-0.54290058417809,-0.787585893367166,2,21.6972666104224,7.79049267021108,-12.3644380297848
26,9.26415309784631,0.018161557585358,-0.221863547237406,-0.593796546402651,0.47681688491557,0.016869551075636,4,49.3609875847601,8.10356609900212,2.24062199951572
27,10.0995459809339,-1.79698580916572,-0.334015323545924,0.376081309711413,-0.67978861332189,-0.09201305235393,3,38.7527040297307,8.23257578594709,-6.68974450206597
28,10.166067463807,1.347096563409,-0.305357431639711,1.5631211401262,-0.140259070159567,1.65997876443468,4,28.6673001434317,7.94368845652743,12.8912591364114
29,9.44522918543517,-0.278402292515191,-0.741693272484969,0.458641353456503,-0.246069435684141,0.05961288203029,4,35.9584299284884,7.32071417953968,-3.69596331862624
30,9.80248142836377,-1.40550263485477,1.13039699843267,-1.04385383063215,0.696015622797467,-1.04330118322782,5,43.8957441681219,8.62335049314104,-1.04185979976367
31,9.51568810720323,1.42954852358117,-0.560231555582974,1.74186193582436,0.460927983956085,0.438543465117075,2,26.6238397059096,8.01519154292221,5.64616961442259
32,9.42003292703804,-0.085581909079665,-0.031958533831106,-0.281813052746387,-0.31047004000733,0.284206101831147,3,39.9903867736584,8.32747138136333,0.297588892965659
33,9.4143380224071,-0.533325359547134,0.249733067896827,0.055284159954978,-1.35606706598727,0.246533165775698,1,20.9917003174387,7.78935659851716,-10.1901483772183
34,9.88233475289329,-0.22491267461045,-1.46189400071798,-0.740277991301819,-1.55620366611467,-0.482945288571866,2,25.6859716624345,8.50694197637072,-9.28376988577909
35,10.8614900653515,-1.17144787561678,-1.46944124233809,-1.3828715726404,-2.11883320371913,-1.06324142622268,3,33.4373989668089,7.83583537812911,-14.6451278632417
36,10.5087555604592,2.18718363480998,-0.468766377176362,1.66217192498688,1.87155480548581,1.51471818029704,3,28.1370178812251,8.29101256115963,20.0117843106363
37,10.4465472013602,-0.500038895610788,1.2068823005994,-0.146712018341384,1.40780755847918,-0.251215165063623,8,43.0581889895273,7.69933538786302,10.1094364632283
38,9.95810235173754,0.47156237130556,-0.218611351355196,0.787176983888592,-1.16994644295572,0.586162897999811,1,45.3394077911619,8.27632619563482,1.10749032605115
39,9.52625158141784,0.089220003102557,-0.557538636977877,0.476961154988075,0.828284513244843,1.2688457650976,3,46.590865876759,8.14556439642037,7.27307252827897
40,10.5014063254368,-1.17915164267945,-1.23345037412955,-0.340051506669792,-2.14923185462784,-1.30087194099383,2,38.8513664592509,7.80614961462938,-15.8746995535648
41,9.70389247246566,0.363907307677605,-0.127501615890143,-0.193806223348431,-0.410573088249939,0.155875049407675,0,41.2971923660794,7.99751595309329,-3.8027752203971
42,10.7573607416895,-0.239069284838547,0.821171454351337,-0.960693314840881,-0.802613885960211,-0.427902757554836,3,21.9561167841507,8.06766837581112,-3.64154492593516
43,9.28195071240938,-1.06774689137055,0.776800369259561,-0.070983556233301,-0.475156762160062,-0.674934795431022,1,39.6922537327665,8.16540393080174,-9.74573458454608
44,10.6469939961138,0.57846411646207,-0.586208282738669,0.989419044023076,0.807013248385427,0.164023266958639,4,43.0093173500806,8.93486569992828,12.2227356265454
45,9.60300482466456,0.720538418129123,-0.129773362865533,0.810725973622078,-0.556155980274245,0.534371503172604,1,24.3865807290059,8.32352191298892,0.260166112673973
46,10.9132631039269,0.13736071822283,0.717234888075701,0.635417267351754,0.673750172922309,0.255838882465906,3,33.7672344078851,7.55321845995162,4.68434762838979
47,10.5996080105947,0.233464639199039,1.60486839473157,-0.541753805857567,1.26166262558836,0.314682567248493,0,32.7901029481757,8.73955480888307,5.22168522273256
48,9.48054147586185,0.148599250052818,1.04468866682988,0.07040362195554,1.12367400004257,-1.24561771193692,5,31.7562795917495,7.88926789151577,1.19576051438236
49,9.72306989923238,-0.406192818257432,-0.131503349770805,0.940618973065574,1.12005938838741,0.192096087927556,5,49.5151063425334,8.23425713122331,7.55086868941941
50,9.26878548861593,-0.010784981194166,-0.768657742817089,0.429561694620955,0.167253026414888,0.400078792270521,1,25.7562094160914,8.08795666372874,-4.04439464733366
51,11.396047416008,-0.356077485061997,-0.773614485691715,-0.429191228524649,-2.51621529573209,-0.465258193663043,4,42.4835278788106,8.76368142504395,-1.26841316182341
52,9.48159127459051,0.795870991064741,0.359220602072732,0.592690140934835,0.595053062705895,1.94522593647995,0,34.6100740986515,8.42083094883307,7.93127956664196
53,9.43459216222594,0.296264507492978,0.468993880750465,1.24590745931321,0.710040330209666,-0.404575006944082,0,33.8925428829062,7.83155611673929,-3.31405033736011
54,10.2681075468565,-0.597732315736759,-0.617941593170936,-1.6647097918643,-0.379879564009402,-0.274976890762203,5,22.9177776231321,7.66781585073995,-5.48985185002764
55,10.7373033473449,0.353480966147393,-0.77942844996421,-0.619743295063938,-0.490369193619449,0.453355122481868,1,31.7656715385954,8.14162985837409,-1.05514020163673
56,9.54707080808493,0.445858814389537,-0.333247078581309,-0.298990061525908,0.661840062835573,0.142792532619479,0,31.1025505993275,7.89792875574568,-3.56422064259441
57,9.84755144143938,-0.835194514887464,1.37404832296066,-0.210780075922505,0.311833112539139,-0.105514671173896,1,26.8791015611283,7.82762907353629,-6.20103431940787
58,10.4271674282435,-1.92089383093318,1.10121137167189,-1.44711362177275,0.876697043126546,-0.666700598884766,2,34.6238277060984,8.08377797518771,-8.07664355698547
59,8.95403988978514,0.244707731083578,0.114374750437048,1.14543925423028,1.15119528897893,0.747768586777957,4,45.611980671539,7.97295634248241,7.84988167491751
60,10.4406321526927,-1.76415981603639,0.252912227560893,0.034661902929304,-0.49589734292678,-0.854535215853944,3,30.9016373301915,8.02139088102928,-9.45434544810045
61,10.3239425655289,-1.22411982873351,-2.13513830166314,-0.713738224223063,-2.10275195404714,-0.446669507033405,2,40.7982740182488,7.33906111357275,-16.4155893706521
62,9.33980280268366,-1.38287649100447,0.748010688789987,-0.531985869185056,-0.281816599508183,-1.59846086328558,2,21.5483919361986,7.68303950446389,-16.4884343223544
63,10.4323787920132,0.42979453993331,-0.344448189397053,0.155227827568972,0.84842517567651,-0.194859540985719,1,27.2325719926637,7.82047306642342,-1.17878098340098
64,10.0487015541154,-0.689589957763286,1.09779834309193,-0.773428468997858,0.658851583709372,-0.829858125469787,1,39.636043123491,7.37186428648637,-8.24659885231145
65,9.7164892577364,-1.51273075598172,-0.303416931975751,-0.525184420685044,-0.275129437621636,-0.910469282299802,0,49.0732307482894,8.13306749212715,-13.2735087606586
66,10.5475622415363,-0.66708422964526,0.84272480057737,-1.17169594764473,0.549118785298621,-0.017901665397254,4,47.5416740226657,8.19248913961724,3.30631484037426
67,9.55997531977124,-1.10845147860063,-0.428756393798598,-0.334109396117437,0.713034658147211,-0.432811014883031,5,35.0032892028119,8.21614439534794,-1.9639015801428
68,11.2868201387744,0.88713124680377,-0.085028883433197,0.346503905171866,-0.537318109588533,0.703981149770478,5,42.8170762264102,7.97914622908272,11.6422823990006
69,9.9248150261739,-2.05833468485189,0.514050876267071,-0.548962064947695,1.17485450486318,-1.64721480132238,1,35.7162519111024,7.35360022522777,-16.2705016506333
70,9.49083621808397,0.772733196639934,0.716014359369705,1.18621159665645,0.778665397363439,-0.193909977484031,3,30.5284713085876,7.21484261763252,1.59346302618765
71,9.91224323454835,-0.310297428462325,0.835929413481767,-0.024621712425967,1.23971017350347,-0.479277844513387,6,27.7129788466975,8.2929043514255,5.56209942515981
72,10.6399677052933,1.05083776134999,-0.471892634051539,0.475723312425639,0.415426181100271,0.68631594044083,6,45.3064678024803,7.73190323067791,13.3448447938739
73,10.8607587565729,-1.02061185127123,0.058125932609995,-0.994759409084002,0.19889659573984,-1.78926842100736,2,33.2184610947019,8.09718161173266,-10.0357656268127
74,10.590121258398,-0.248675614755493,-1.22733842047688,-0.277611253808615,-2.13421186037385,-0.289092132401508,2,43.5283272436882,8.17701698941288,-6.73070727096032
75,9.61868451609385,1.606240317578,0.960267673749237,1.17043596725196,-0.047114286075597,1.83244204627725,4,27.1551383636997,7.11315162440442,11.2953177630496
76,10.3904740589316,-0.17407550083171,0.783483478015351,-0.831310459563685,0.600671891954103,-0.101629504396957,5,27.4687450924768,8.17296211817727,4.06797735244269
77,9.97759832849546,0.396030775338199,0.283762239409414,0.007430342461778,-1.26992984075084,-0.085576873787226,5,40.8990543169134,7.53514575962196,0.930962381827668
78,10.0531664299732,0.32479856016615,0.376056742362091,-0.190832555175285,-0.218697367550273,-0.038993539586315,2,39.9590013198339,8.14415202382914,0.62348276970749
79,9.28349255153985,-0.554511143098897,-0.56465875361496,0.285276318266376,-1.86562940961983,-0.263067239239624,4,49.4058102991898,8.64222070281143,-3.0787636380059
80,9.97587064797118,0.42264536704989,-0.525723034449231,0.885985409091878,-1.35427377611655,1.16516691077145,5,28.9801639731935,8.91471231594873,8.97486509875787
81,10.1672225219631,0.489473306823886,-0.611027330164549,0.579006140864919,0.34969976658821,0.466588279628707,3,20.1816999184571,8.38127428640456,4.23491931161533
82,9.24978551804514,0.569414869828689,-0.018884089712393,0.991494033546701,-0.359479406254136,-0.276195096702868,1,37.350925126603,7.50411291578125,-4.67990339584991
83,9.79951466932866,-0.56714906328898,1.36709722601394,0.016139847787931,-0.456374378281523,-0.911011389687352,4,29.3553064242019,7.6081195002099,-5.39546555615929
84,9.87770186860104,2.16678915609552,2.08788343203198,2.91815072255549,0.153877524353391,1.75553020961085,2,25.8532155192525,7.78290039419782,16.734938271092
85,10.3203494666165,-1.38063170763597,-0.476245393019288,-0.014976790562759,-1.28870070076905,-1.51228601811534,8,28.6859382846636,8.05209605960888,-5.66317367375114
86,9.25752330326202,-0.166097338664266,0.072110526937739,-0.605080960509803,-0.639106246402575,-0.850924117102396,5,36.1077720373483,7.48678302522565,-5.72447280473908
87,10.5146653252069,-0.678377287748521,2.68080239570766,-1.26157140312973,0.589717743073547,-0.172338832287003,4,48.978521551964,8.01595068462598,4.41447399231583
88,9.28504341473236,0.715833875456299,-1.45627537114654,0.749794066654673,0.413079644629245,-0.827588544855315,5,27.0387699129449,7.35232202633893,-2.02387765019233
89,9.71338583546232,-0.610256075172773,0.235934408805257,-0.054132247501948,0.716944271535151,-0.855583085482974,4,40.108735959162,7.88814103223687,-2.29754670745432
90,9.68797023681618,2.03465594886816,0.42768978134154,0.638378642258217,1.21648267038902,2.52021942960196,5,33.0328347376381,8.0656640985802,22.5292291925235
91,10.816541789841,-0.479478050367024,0.497623972222706,0.225967210332829,-0.835069407625031,0.429262847087103,3,41.7022053613893,6.74665864491309,-3.16504786735599
92,10.857265094498,0.470340854864242,0.748581615211643,0.633000391866964,1.29474263583942,1.35826199584215,2,20.7678180875951,8.39073813292853,11.034425702786
93,10.0354532950154,-1.05926934183254,0.200005345843265,-1.12351148755365,-0.915140251560993,-1.31317106328642,1,33.9983540347822,6.39560807673141,-20.3868803274511
94,9.50826965815024,1.03517302915739,-0.315206680319986,0.417122104124965,0.256576177165029,0.492555881764802,2,28.5182298600953,8.6522035244394,5.31143543497595
95,10.8446585246366,0.696929883422938,-0.756758564834334,1.02557866058937,-0.987944264274922,-0.145912299077149,4,39.5969244272483,7.86791810436548,3.72785366096939
96,10.3580271132101,0.402901477979831,-0.191687294766297,0.632593342819768,0.462623319057251,0.192257772621062,5,46.7491971099848,7.43830940511525,6.8061006718122
97,10.4399997582719,0.33668738048343,0.861283238495892,1.29040227372303,-0.10755615187597,0.40632824255854,2,29.1511125362411,7.79409841484886,3.04479092022983
98,9.08421189566142,0.270153036039577,0.245022829092954,0.482708477583922,1.44710656810587,0.344625304365202,6,24.0471092383408,7.90149641941775,7.17150544354236
99,10.8947177946557,-0.576811158785062,-0.101866279946384,-0.933833920481905,0.213873533318985,-0.58638098236857,4,49.5546817462703,9.06780597430202,4.30926015147342
100,9.24301387676101,-0.023702162041168,-0.411973355386413,0.735453213293615,1.15492063350452,0.721160896754539,4,30.9574706875926,7.72971512707368,3.69762354933637
101,9.70427922125474,0.614313395776974,-0.382461771162694,-0.499153380367466,-0.433601171257144,0.359219465401126,3,24.7676997980588,7.86072822204689,-0.688317433046481
102,9.86811307747638,0.227564241205483,0.913925169263232,0.03382328254721,0.60090278847418,-0.604970599413955,3,45.7424976348588,8.36897538902325,3.57157157755089
103,9.29127877687545,-0.975888714203484,1.67101746112744,0.396178510923602,1.9297313824988,0.272774560382513,7,21.5844319430057,7.7482409137096,6.15747216488578
104,10.6259888617807,0.44378135736165,-1.15270862878198,0.370670005017783,0.010342581063261,0.627146917230517,3,36.2778701115818,8.13345233527705,4.92598296637879
105,9.90407566072504,0.478980244139219,-0.765776542926626,1.32960763222439,-0.846059327675205,1.57388761649238,5,33.5018268702843,6.81487565922989,4.42599382930961
106,11.5315898575205,-0.450600253973605,-1.08409129456147,-0.840770942318774,-0.728984091249976,0.161400407231397,5,22.198020861407,8.43799326341712,1.72657152851278
107,11.2176436378641,0.346057098894772,0.623931972717491,0.207235293899996,0.909456416428103,0.001966958033616,1,40.7255056942655,8.37440756493809,5.88948614168362
108,9.5135025576624,1.12140604120446,-0.625816722828034,1.63798226525581,-0.998585140412936,0.543334452102827,4,31.9889906728521,7.6239144588202,3.86282321602835
109,9.59621902661722,0.338551017720211,0.323468047486818,0.525037464762798,-0.375003458559966,0.699078510863751,3,49.34960299741,8.23011230069537,5.61913327467024
110,9.59829917097104,0.623682012789651,-0.848225641639172,0.689319697525989,0.285847108406342,0.136477563467856,4,44.2662511189993,7.74301991711078,3.97626282276642
111,9.06272740736406,1.04168430029741,0.724339966042857,0.786542883782515,-0.419949205976585,0.734969678242601,2,26.5156337698777,8.57429703101353,4.99047215028429
112,10.5560278696654,-2.18813422811364,0.758299515348301,-1.92066672664001,-0.041549910256418,-2.31978081628792,0,37.7867351445201,8.72269959782708,-17.7404280889992
113,8.81424456710142,0.327782556614315,0.134622364581937,0.723010993813295,-0.738202876764203,-0.070689786533719,3,47.2592479995273,8.2762501924486,0.382097097397261
114,10.0493620883074,0.163274304006162,1.18865416550732,-0.515948349224218,1.2795810508111,-0.085802511130339,0,25.9832746401678,7.52954348335362,-3.34838016119021
115,8.97188945966315,-0.052636308091139,-0.564902518500042,0.058515502926476,-0.382689791092668,-0.438486239151422,3,34.543586578825,8.20791806243625,-4.54900249948646
116,10.1332196838852,-1.51598990259211,-0.026857055312062,-1.10343127969807,-1.60503616164593,-1.33168116413719,4,30.5082035783825,9.42588842967052,-8.12121316871417
117,10.1248330547559,0.263205612822816,-0.330656171274454,1.30175651439198,-0.259617547320101,0.281762158015068,2,30.2237964188406,8.15351315238949,1.34679856565538
118,9.93290417878589,1.05078399834991,0.559266898305526,0.327093877237891,0.926705418798926,0.800358041254131,2,47.8212171274555,7.49000157350914,7.62132978771063
119,10.2502075982109,0.751384918248181,-0.654563935323049,-0.883826006853939,-0.212947510808235,-0.499068640136361,0,46.4970363074817,7.09682125277471,-7.26654794795568
120,11.1800320853246,0.311899588424053,1.15384693906318,-0.471934902825622,0.377371134219628,-0.333411022701656,1,39.9360031915094,7.85967017795514,1.27175870376599
121,9.42764556579962,-0.218017606316933,0.594392396932834,0.815222752601217,0.428924674887697,-0.888076559854005,4,34.9173526399797,8.00747400283543,-0.901056978464052
122,10.6054882379898,-1.19910849988617,0.143114556893977,-0.713790223266145,-1.33444463096103,-0.918770738790556,0,37.2302709378625,7.34092309411765,-16.4170107016097
123,10.228484052499,-0.769825375042409,0.512861036549325,0.337007490388541,-1.16277724540705,0.104148975173767,4,24.5518428635555,7.928868374533,-3.19912598594931
124,9.42966998500247,-0.684762674733403,-0.67353376440776,-1.02828074812564,-0.707745351917541,-0.536883391364219,0,25.5660875021067,8.14241001440912,-14.1661399516929
125,10.053144452112,-0.416681954016865,0.530263540794534,-1.21419431320763,-0.1519257364391,-1.15748180825699,4,23.1572351344741,8.05898521957033,-6.00033985810108
126,9.63210757534433,-0.822124039103085,0.967488055225851,-0.616431058957279,0.79114807624512,-0.780671028335799,2,31.140255942433,8.44734509415436,-4.60112950160566
127,9.92432161583575,0.21723807609941,0.838340304533585,0.075994786675966,0.354977797712733,0.224115085665383,1,28.7915361788177,8.4976023931783,1.43749060204436
128,10.6694935452192,0.05798757786807,-1.52876946259482,0.932447152811903,-0.856355523488251,0.112969290679552,4,47.101086506089,7.92993350535616,2.21566784545867
129,10.290098458505,-0.735009084852022,0.359280939422056,-0.677527537063415,0.623022022982407,-1.22213257471811,0,37.4840745229095,7.33264352793155,-12.0599009590964
130,10.5945800455526,0.978247835832364,0.110446865710355,1.19117385944839,-0.443337996380138,0.695128430694287,7,23.3210800650693,7.88327189317979,12.3379277253989
131,11.8160071586935,-0.247503599815731,-0.047589192927139,-0.157948749510968,0.159548202071477,-0.42292205599146,2,44.0597826046409,8.13307156637766,1.73927770843222
132,10.4762993378383,0.331145453999584,-1.04735250165851,0.543603626677859,0.155070761317842,-0.788710689733593,4,31.0401949020827,8.33443655796944,1.58431956392055
133,10.1513592421456,0.768155627391876,0.108292983344936,0.662639438632187,0.05345393954017,0.491532878612676,3,24.0642127266868,8.56761945497942,6.81272989953639
134,10.0132141687664,-0.044778845424504,-0.108598262647791,-0.383968215698771,0.648381249509735,0.465669965095796,5,29.4928864041871,7.15351204866518,1.64950066428749
135,9.16920458527232,-0.188845290342102,-0.413905321876818,-1.10589546005537,0.530564409842004,-0.275987155453237,10,34.136865736353,8.10084533823734,7.00864695420781
136,10.2182690627677,0.874233395321938,-0.029317405982804,0.186605864456241,-1.51373972647308,0.35609619547536,2,28.7817848878693,7.05818794574689,-3.72823416701961
137,10.8347578525972,-0.511608960688588,0.882128096761795,-0.390383446734632,2.12836155904991,0.749961226400412,3,27.8809879022237,8.68597966800353,9.45397666301217
138,9.96651884959569,-0.084675575054129,-0.2587475282049,-0.647648569214502,0.865191867672118,-1.34932223337191,3,30.3886343574801,7.91871886245114,-5.06478889989849
139,9.5856695534416,-0.094759001902848,0.264542934372822,-0.466920108044602,0.190121266542197,-0.329771280854033,3,29.100387206257,8.14843350050692,-2.23031208613635
140,9.97338586409473,0.374196901815367,-0.546596803487389,0.0209956306606,-1.29659080127327,-0.647930929329812,3,21.4821017841535,8.66698281331357,-3.26751339621045
141,9.22848326451824,0.171576856301761,-0.179766578299982,0.226076860592755,-0.679979740056239,-0.456371127310973,8,43.3196640450613,7.9412747770358,4.51227214093824
142,10.2333807454798,-0.754720166397896,0.052992436588532,-1.20813786667178,0.081662054281238,-1.45165478184034,0,23.4937389840626,8.44919723723863,-12.6222042958178
143,9.72530352963379,0.407152531653031,0.800854956609156,1.09810226431038,0.805122105082779,1.21756562638567,7,30.7340752276388,8.63310355121232,17.1753080114629
144,10.7960055488146,0.886889603214975,0.42849603454159,0.527609732784073,0.904816774512427,0.581669893283275,6,21.7842606535992,6.94032832324547,9.26442310026124
145,10.0516014319288,-1.52618124180176,-0.799433799932401,-1.55471594701719,-0.879583873869892,-0.441649266044706,2,29.0752404208234,7.94989634937129,-13.9323727507073
146,8.62463389039676,0.05205768352855,-0.660846032679211,0.361121010668636,-1.0810334321982,0.95033695005256,1,31.1975959839212,7.54746061205343,-7.23373538534885
147,10.3901984271187,1.08254493901787,-0.233833945377206,0.063414475258017,0.114050903136861,0.360709587843231,3,24.1873917319906,9.29629900052451,9.7661722284872
148,9.12595538707068,-1.63429980065808,0.783089931431595,-2.05381768460362,-1.33535305333772,-0.976722402350824,3,42.4157973071407,8.08699634337715,-14.1844503342722
149,9.84858905987558,-0.43478552663967,0.598846765975887,-0.790154267022173,0.620055187461638,0.433755050713697,5,27.8351756797684,8.1788511372391,3.72605534692909
150,10.226390573085,2.48736733026482,0.099847523274149,1.47443568110547,-1.80764052794467,1.8007837819706,3,29.9163717240555,7.34830475621417,10.9945004139161
151,11.4695331510079,-0.629847510066103,0.491085165865664,-0.786353035206827,0.704576317280449,-0.623441966864341,3,24.9775311849497,7.59635096937382,-2.67953422728831
152,9.43208882066062,-0.771824740808307,-0.895610498152686,-0.565571401906455,-0.698158350669429,-0.825824288552565,3,37.1198460945512,7.5190390481817,-11.5878940222401
153,10.7793683515317,-1.3026616779867,-1.53796230071849,-1.57633519235759,-0.852757249396842,-1.08914128002255,1,39.5864542555848,8.21309394384687,-14.0213464670812
154,10.0319664990495,-2.40278772256795,-1.24585567319851,-0.917244764653697,-1.7513423893585,-2.26600068705652,2,34.0754864307854,8.71057489148963,-21.7570864747174
155,9.47878227762188,-0.056907552154433,0.246985161606209,0.652812020715434,0.744742697851403,0.227680653311348,8,24.7609477683442,8.01811755115565,8.7423133971213
156,10.935058810507,1.29622352815646,1.32029818877397,1.71257270912976,1.52078076327085,1.71458453171665,2,22.0773345521027,8.23456079083528,17.4559008860515
157,9.48025397146564,1.59636899790879,-0.811201505553623,1.22522110690762,-0.268101564954965,0.610860871431835,3,35.7008717732054,7.82594354739171,6.22704404069066
158,9.58560984832615,-0.305847755954928,-0.330858459615726,-0.407929023832528,1.23344247124486,-0.70250553610778,5,27.4212194119359,7.72959446939671,-1.4652027615639
159,10.846464385935,-0.069636296947805,1.37880567001432,-0.703445209987785,1.92073265691905,-0.86560856389797,2,40.9385673764161,7.48304983876349,0.786968921051761
160,10.6905838535795,-0.023523257111757,0.752661776151317,0.199890310232412,0.157566524080648,0.477976214764757,4,39.008517134898,8.56394795778544,8.75034303568332
161,8.99131363590599,-0.374954753723489,-0.343807847502566,-0.329483570511239,0.508237276231212,-0.370676681184487,2,40.5168220036906,7.44800615303377,-7.4454443168447
162,9.42055223533402,-1.46895676820543,0.427444948907841,-0.776706110280258,0.348146715986127,0.123432552689894,2,30.8211324058194,7.60260276957943,-9.24213050380557
163,10.548616511175,0.449533408389919,-0.58360045555446,-0.003241319070647,-0.023884090868428,-0.023734374923071,6,21.8983149179863,8.20399195537898,5.94054237171177
164,9.76513238323959,0.026738738678556,1.87593113629221,0.85245669922215,1.5636596971399,0.603836477491674,2,26.5074496749374,7.96092890779327,5.69092767501668
165,9.62599613744909,0.562845452463127,-0.68565875056999,-0.012373462417563,-0.869158656377607,0.109601203495934,2,47.8877814593541,8.3116551870908,0.159012193017669
166,10.3953756662059,-1.00101137842859,-0.98011812443454,-0.898775688141158,-1.76289060622542,-1.11147359423448,3,48.6305107774096,7.48092257789521,-12.8686526836547
167,10.094783649225,-2.13703932628161,1.58464207650979,-0.748510373108398,2.68842303531355,-1.93186398908305,2,42.8146500238278,7.8667690664039,-8.66745779273695
168,9.04843161700351,1.31508361038538,-0.309638203553055,1.89030270318688,1.22378256965958,0.706451343179668,5,30.0205588957372,9.06005886078434,16.1102042778143
169,11.0640775825542,-0.193007023190817,-0.609395105433998,-0.543414320107673,0.175540893528316,-0.324261973277495,6,24.1022976361007,7.37437534823857,0.584950423716745
170,10.595839207351,0.177954138029108,-0.306082279417365,0.30735021482391,-0.558285723643581,-0.018882485442994,0,23.2794025923745,8.64844329428208,-2.75958536530129
171,10.1629996938657,0.156728267190412,1.08324304986847,-0.1780653670914,1.24779547923165,-0.468706212080069,6,44.7906707785001,7.57977943921788,7.30308815552548
172,11.5236496546783,0.865890304252782,0.350424672710786,-0.134110722285006,1.56994504368133,0.513837790644446,3,42.0805625621737,8.82713608921336,15.7966427981217
173,10.7390139612668,-1.23082853517393,-1.35702971270126,0.451619626871459,-2.04619298735067,0.003832316010284,3,38.6860779082326,7.9036079319396,-8.16056860287351
174,10.0738821250252,1.09116355874779,-0.662154673918495,-0.053241791290112,-0.703254491995247,0.151316234628134,5,21.7955691469733,7.5598724764274,2.35333993892045
175,9.06915426906306,0.238366993255111,1.27351343504735,0.230930074409796,1.17999840581357,1.33065892983986,7,44.6774382789637,8.26880270503131,16.1430599649682
176,10.809816256724,0.900641904155134,0.861300180686583,0.621842099174441,-0.5062965182969,1.145401554975,4,33.2866779086592,7.86236750617992,10.6785594429838
177,11.1402155261886,-0.308373856994211,-0.044988881309398,-0.108798197058544,-0.501463947279206,-1.53056500740545,3,35.3358483869046,7.52560835478932,-6.83998909349914
178,9.46780579289679,-1.60781314555223,0.549280880104909,-1.83178525232892,0.437596239392784,-0.905712387937672,4,44.9099532392058,8.1084386349047,-7.52961421276176
179,9.46650830490233,-0.969129458447012,-0.31495801561657,-0.552723301683469,0.046598699223884,-1.27327924220388,2,22.455747388312,8.40771602538286,-11.4176680961272
180,10.76156305583,-0.02755323879901,-0.199906069636746,-0.077313148004508,-0.447187282837686,-1.02795871055712,5,42.060402568965,7.84562959321482,0.111796816519064
181,9.59378201971607,-1.41562163150975,0.254310511905813,-0.544190797456424,-0.253980659600682,-0.892812486095958,3,40.4360407289938,7.44877949654158,-11.3387556267509
182,10.4450108382833,0.942901642979455,-0.276837685987938,0.784901537459487,-0.323898159624215,-0.403198914111359,1,45.3372396403551,7.76639488080573,0.241993842488369
183,10.6068519378173,0.313931823389805,0.691046858135135,1.27601831565269,-0.249598385011783,0.647061124985933,1,33.0108516563399,8.99422014816376,7.00847079405054
184,9.55209062190877,0.809381609595586,0.680916854937563,0.674116515929552,1.28367543936973,-0.537315699372641,2,22.7573754122437,7.48474265890247,-0.336687264921402
185,8.86980143046357,-0.602320716205886,0.662941090006037,-0.250181721771147,1.04062451753154,-0.575818466821169,2,40.0553087536403,8.68979797918809,-2.23982414426407
186,11.2158039519905,-1.68802268442551,0.113466162490155,-1.52188365004427,-0.080064727220685,-0.938428518568602,3,23.795238029146,8.20440722762486,-9.02250298167869
187,9.46084237544393,1.47009829692667,1.2576921555022,1.00383357148857,0.677289639216223,1.09949939703626,3,27.8145607299,7.60514443605945,9.96554931234623
188,9.82150132269106,-0.516792078269208,0.649756914239446,-1.43378340613663,0.635461192132073,-0.717500948973416,5,32.7951649476781,7.50809713836209,-3.20741353551576
189,10.9467282859167,-0.201967284601652,-0.221108365813141,0.050989781246902,0.386319331641343,0.224176249253245,1,46.2848215011735,9.44214990602223,6.36596181830573
190,9.62310743747005,0.108495362512878,-0.216274706270924,-0.898581405511997,-0.14113260112926,0.005173268116439,2,30.726246889978,6.63115215214274,-9.02052468792013
191,8.89909682977296,-0.020117460156221,1.32015965474975,-0.167599629357789,2.00161745904206,-0.954862099933127,3,39.7146738464903,8.61592114638518,2.77392680356908
192,9.46183089997014,0.211049287633463,-0.39973468641812,-0.102208367997359,0.215445616662032,1.37070039397238,2,38.398715097279,8.37867437612832,4.57226814986405
193,10.227071300291,0.251630143538532,0.638656839583237,-1.21760544471241,0.6021931858575,-1.01276955735139,3,43.157738445225,8.84548282584838,2.71682073802748
194,9.96527880409076,-0.759837002596577,-0.659818931551232,-0.611532263943869,-0.559160267638449,-0.502555519282356,7,28.516311627878,8.2830644621738,-0.735573572577067
195,10.6132058847823,-1.42866115149727,-0.156668235639341,-2.16005997336789,-0.52497838668237,-1.86161027704269,3,46.6592321389102,8.57257614948824,-10.5864898151615
196,10.6831154763547,-0.946351503972693,0.36759809698694,-0.987365706123574,-0.931307840131302,-2.13734485376608,3,32.6653360792077,8.62667008564499,-9.88265872531148
197,9.8659444220114,0.1829934684001,-0.908771438842501,0.218157859271083,-0.417207600873225,0.729309972451652,4,31.5130807879022,7.57101478680045,0.811817233341771
198,9.47878166972301,-0.812989074268401,1.9905392567125,-0.806195775070578,1.7155960602895,-0.251120278519172,3,33.5600742152684,7.54711945356362,-1.62069978734129
199,9.80859994830447,-0.671028189754401,0.835616437157333,-0.018615099874931,0.880733269607234,1.20104080557064,3,30.2231091000458,7.83666026566526,3.09277655628997
200,9.16128352863359,0.15306604778058,-0.163368088348574,0.134138505122929,-1.11559495664256,-0.740467880478378,7,20.4738680097322,7.9680193112326,-1.74326214399694
201,9.45046185767835,0.383335784396735,-0.306187819078589,-0.941505034639962,-0.035363284619188,-1.22246734799315,8,20.4719367817257,8.48475626667608,2.35016171049182
202,10.4924826100347,-0.207873718748431,0.058458956819056,-0.537428313470834,-0.283585422155978,-0.715996076074638,1,40.337929113313,9.06924992238024,-1.70732873778199
203,10.5921853460072,-1.55024326780473,-0.748170613080503,-0.349066325409526,1.11514842053971,-1.37514969722963,3,43.2807592336546,8.01020360191543,-7.08699513022864
204,10.2340855523279,-0.763542640056954,0.460004548499928,0.619336681425221,-0.540407430456431,-1.15167187827964,2,33.3095515584947,8.35605122314373,-6.44769451547308
205,8.76406952465679,0.280064987610071,0.049135605678602,0.044791435811884,2.11028507432559,1.07274760669236,3,42.7292160651203,7.794273889851,6.81904523818082
206,10.1707977539416,-0.301149109425014,0.705361596794542,0.310466674034305,-0.216769597259537,-0.66731325810828,5,28.7385265795157,7.82111801264065,-0.489879209315363
207,9.12689381902733,0.949463107812773,-0.702889898330481,0.849084564751391,-1.13287994940454,1.44477283045856,2,44.6972680627891,7.87229079556995,3.55497017040394
208,9.33792927644072,-1.07743576319803,-0.136943451066377,-0.507321217660836,-0.638274774509389,-1.32651670084594,5,36.0364678197412,8.40416818558023,-7.27864612600564
209,10.6503710604732,0.159008546970607,-1.04020831386618,-0.566670817754781,-0.493630533505273,-0.361762831130229,6,40.9040080593317,9.33098686128301,8.10474319750686
210,9.31871517424118,-0.020265662143311,0.86286395098337,-1.6054233419226,0.179281545163864,-0.062511059314666,5,43.132343954946,8.09178337074726,2.27211768752326
211,11.0602150967298,-0.816671219906701,0.597228655298725,-0.410666032903841,1.41730776635335,-0.422560608400174,7,32.2985291565423,7.94871370420404,6.80073669679613
212,10.4027068048607,-0.441041206522429,-0.386420600057102,-0.683695762634512,-0.101937092001413,-1.14001551309854,3,49.7288914159067,7.83074468649363,-5.02491256497646
213,9.94247264963762,1.66928599893343,1.54113274061971,2.43259207989938,-0.252230189514554,0.856206895329245,2,36.2322762946732,9.02613115660367,15.6640886414494
214,8.99298925291744,0.756958780862918,0.933613567431788,-0.039477044826269,0.507610757905623,0.831458466952599,4,26.6579415615064,8.24441522453309,7.2379117889344
215,9.90163059251148,0.816541593450334,-1.16643697343971,0.150115370005186,-0.355788183352198,-1.05455220633254,1,37.4279618863039,7.45723563064622,-7.61365904023382
216,10.3217019833586,-0.234216907102223,0.50306516147589,-0.933710807697324,0.849774715345425,-0.8750470957218,3,22.0675620832831,7.40433625217939,-5.48747069318622
217,10.7158965761393,-0.00267227624988,-0.262574968065557,-0.553555485889232,-1.37363613114042,0.400946307074568,1,37.0852284033657,7.66574103105951,-4.87852122621129
218,9.26915330860202,-0.226270250731725,0.742105585449425,-0.307392175995804,0.981723118974692,-1.1237167063881,3,22.246085188722,7.87184514458469,-5.54606619460451
219,10.6314412160288,0.525746076028784,1.05148634209961,0.528638863968417,1.16666348684204,0.456655127104042,1,23.3629765923812,7.4065051499657,2.69959366485062
220,10.1668501189661,-0.23935573498474,-0.503993476939719,-0.701842279793023,0.235844049474782,0.109220585251025,2,49.7653833368975,8.18607958501164,-0.125757314761826
221,10.3299544269259,0.369949653677097,0.120466930998992,0.098349370526504,-1.45267881519836,0.298563399395203,3,42.7480857839694,8.26126059900459,2.29490125885227
222,9.40754653154576,0.008688427833538,0.051816961581687,-0.491448472080842,-0.709778534703655,-2.04264158153229,4,27.5637471753268,7.2569436267424,-12.31641805387
223,9.86707993825725,-0.804834277459816,0.616075709344968,-0.073934373300303,0.789652319910029,-1.10488663903883,6,49.7580786619999,7.79063284658631,0.872505459715675
224,10.9502674918234,0.978507946830744,-0.23554543112328,0.306020951245068,0.541787437465412,0.728183965415936,3,46.1274654790136,8.78656455404427,13.6650850571453
225,10.417786402773,-0.831168804336532,-0.71794793502164,-0.670266245372729,0.14639918653769,-0.60443001022114,4,35.2615393236847,9.22504698325137,0.630631375930822
226,8.87745856938608,-0.881754351353956,0.292638464067527,-0.698295875175029,0.642138313410487,-0.441904250686116,4,22.4369428452976,8.88751063500768,-2.79912790958534
227,10.9676795143326,1.36182564419373,-1.50979341402067,1.23872484183064,-1.09430904567675,1.71327380618146,5,32.2088804472542,7.96774396816932,13.0449356986041
228,9.94285010743547,0.238140767382393,0.577055030653566,-0.739067536203375,-0.844136703015924,-0.923154926399026,3,45.6715198854406,8.22613463349035,-2.19666241811607
229,11.628440847531,0.262524872731845,0.565142941863029,-0.062339086729631,0.561497125153816,-0.823621807562771,1,37.3434068485338,8.39626702867751,2.18618655222172
230,11.4181055793972,0.080864386128618,0.076017684487258,0.750406103280378,0.529006168730748,0.638825755680548,5,23.5931568301441,7.75177494203449,8.58405417160856
231,9.41421735329206,-0.378297641431634,0.312501230926501,-0.096145351668874,1.00092997492421,-0.217378849759599,6,38.7421281983005,7.60549696935994,2.62713086843891
232,10.0929717936828,-0.144583144870208,-1.03033676669245,-0.938345944002415,-1.71218139386722,0.580928014664483,5,28.3228483595705,7.9650874302039,-1.96118530362971
233,9.50265706831218,-0.801314181989175,0.245985120725814,-1.46169881861119,-1.85661618866117,-1.64207014699603,2,42.9827344382953,7.57689779589902,-17.0707893139706
234,9.50233136890846,1.38930266759743,0.637118055133082,1.0119840264966,1.22123603990938,0.573853466437851,3,25.5267410378007,8.45741867158991,11.2211900363551
235,8.48060616819904,0.325045907400276,0.136270836543863,0.222723350531111,-1.0138467968228,0.626895594375906,3,30.2313205670358,7.84306787807979,-2.6417178486355
236,10.4733255524657,-1.85288955633275,-0.773747558526211,-1.23069907673712,0.452563322616755,-1.07691601061436,3,20.1106056996328,7.78200976061882,-13.3555795540607
237,9.85351419839905,0.463320884462505,1.05876454910304,1.12069297602367,1.46441959983382,-0.763754099897365,2,43.6126950535635,8.61106818606404,6.20485269562591
238,8.5753039247977,0.421974488791103,-1.10410361613223,1.25589619956668,-0.903066217174566,0.634504479241795,2,47.827225254485,8.70798893464261,1.53735216293268
239,8.79388233921209,0.591412436432383,-1.0984332023567,0.167840466321555,-0.724065501189149,-0.419509030789034,2,28.8934335247349,7.49945107430312,-8.57668918738846
240,11.1148504949161,0.09015292251161,-1.36251073642258,1.05179531869229,0.601888067815013,0.089580364590773,4,26.7102589578955,7.36903732758659,2.17404673143859
241,10.1579683076947,-1.74300556205992,0.204932189733847,-1.3478896308633,0.320565351257041,-1.27015626094769,3,33.1058696996604,7.94613584121046,-11.4068483062681
242,9.299365061677,1.23624949106034,-1.01149475506361,0.17689020845985,1.03247702146145,0.8071475016624,3,33.5088016479935,6.59809127054987,1.63810480822163
243,9.6362305950284,-0.449595759223767,0.146444664971807,0.121388377420642,0.792529574479675,-0.434171733373049,4,35.448139908338,7.69622071220442,-1.41115454826069
244,10.9734667083368,-1.16947492503317,-0.161764425355421,-0.047557258916891,0.152552369954453,-0.176721536033738,2,44.8587449052329,7.82417174768457,-3.68994284766936
245,9.11032722097878,1.55107579284437,-1.90253141271479,0.866954586755997,-1.58583872851172,1.55794353900428,4,37.6762694478843,7.50805575745751,4.62266297225677
246,10.7973267384486,0.232731263386636,0.513261115889738,0.726999773534036,1.26032516510922,0.66092100183129,2,35.693818527389,6.60536529952809,2.42560412066586
247,10.3471286848889,-0.596678785947613,0.618038901610874,-0.557971006375398,0.476786413946384,-1.41365075178267,1,44.5203717629381,7.32853810061241,-9.61441451291445
248,11.2390415176533,0.657987510673321,0.016070751539826,0.302053108712344,-0.259950643060928,0.847524298209576,2,45.7527261995221,8.35597957887427,8.9798873797975
249,9.48888226151541,1.21641674938369,0.868030646412225,1.42254689367819,1.4717920561157,1.61618914757988,2,44.7987352914953,8.46476705198581,16.1650998879078
250,10.7100263728206,0.41992657211559,-0.071107252384585,-0.141552999662017,0.785048649301581,0.561449397531789,2,47.189421860318,8.01457311070332,6.42726167506469
251,10.765546313434,1.02571851570458,-0.046327479164743,1.15435304980399,2.3115921516659,0.762414630830712,0,45.8508007702704,6.78020017898081,6.3532299682038
252,10.1969824262743,-1.34105474840246,0.557914956941682,-1.04604062007134,0.560330692586276,-1.92836396313085,1,31.6416115759219,8.14450414423263,-13.357645010121
253,11.0333559510334,-1.05719575587254,-0.301109801618888,-2.32338224563986,-1.47460945415182,-0.748563630282529,5,43.516717652569,8.41339542537265,-4.67757932544486
254,10.7893757995998,0.574280654351149,0.279560458184397,-0.098351313695264,0.798245177516809,1.19782148686989,1,46.656339728892,7.83882658788016,7.63357561448365
255,10.3520510351424,0.119420421531837,-0.234131717084848,0.544055330145201,0.356558348956171,0.481822626217168,3,47.3471018681119,7.94166190991666,5.25359565806513
256,10.5806490648589,0.184999719826173,-1.46325780823248,-0.833996416535751,-1.00700484821902,-0.862564171916847,4,39.3216582426718,8.27967554837398,-2.76149630067117
257,10.1577554324492,-0.505954201334576,0.856927260775692,0.598514148982744,1.62404778718714,-1.13066947707619,6,49.7638203486936,7.62897593840457,4.71897862124239
258,11.6010772584859,-0.592766870210941,0.835509096523251,-1.53298963288482,-0.218384694324193,-0.769682328457666,6,27.4712698390684,7.1181864165771,-2.01207921593794
259,9.5678266927033,-1.56727181603391,0.000459698870661,-1.42481376444166,0.516156974955439,-1.13607174576832,1,45.0050546984271,8.06774148749294,-12.7612711741513
260,10.2647130997684,-1.1360664202583,0.61805304284805,-1.37581339181606,-0.765768300907799,-0.877999808352254,2,48.3125128621487,8.29469089008337,-7.87470346712806
261,10.1252085027502,2.47415917737812,1.59213828572565,0.64718529432068,2.01117490698023,0.003474032046483,4,30.9414533058451,7.02951127674234,13.8106199417176
262,10.4757501244986,-1.64489241808095,0.728726435554127,-1.50818530005891,0.396501082057775,-0.396825726044804,6,20.0578183110789,8.00862654892311,-3.35935943044474
263,10.56544013304,-1.64370635851532,0.899693858373384,0.269413929947557,1.44416512426073,-0.388368843738386,2,21.8571825853547,7.31535794481185,-7.2071604836103
264,10.2840737386127,-1.93447021404728,1.07652757463394,-1.21663688340835,0.509134236010669,-1.65163543486977,0,23.8844923921539,8.0708119978738,-16.7460816621159
265,9.62893669212623,-0.559940568543048,1.41323039136465,-0.736078277101486,0.487055437254628,-1.05370144601168,4,31.605735887088,8.0933948492943,-3.00927860319375
266,10.5944552845728,-0.796586433189469,-0.628256215476699,0.19906453225168,0.044485398661834,-0.631299925794499,1,21.1427233350328,8.44863655357426,-7.17601137313891
267,10.205452205433,-1.10829891573302,0.670149971460879,-1.48440564414091,0.57725990892666,-1.63191634332543,8,39.8677080197893,7.68824971491341,-1.78289300606942
268,9.92167535410272,0.779047841195383,-0.749858652320813,0.319570371818054,-1.63745479368825,1.26601111046014,5,32.7838119990973,7.47610384665176,4.07548035463051
269,9.99594491709194,-0.451604337196506,-0.099438862711915,-0.483003863419114,0.508305484366912,-1.15528021556555,4,32.9343652573156,7.84898821029525,-4.45984968623626
270,9.78042771450225,0.85213931950557,-0.672326047286699,0.729992723644854,0.255558036906584,2.09954579304693,3,40.0259219734135,8.34144462352402,12.4333641407804
271,9.92844124620426,-0.533813481257053,-1.34339746967031,0.563609747637387,-2.05426372289267,-0.23669078364405,2,20.9250606007788,8.56600751019367,-9.17784168390312
272,9.49384416275913,0.58878685266151,0.897192154615843,-0.265554980589081,1.16966681078775,1.27150759193721,1,38.1508906970883,7.68862018290473,4.95102404863688
273,10.3131251128826,0.549873697830221,0.58551850401781,0.125716869183947,0.743185903289387,0.207538058790442,5,48.1454754086925,7.18799834654272,7.4899995152441
274,10.5175038369894,0.273637639530065,0.541681446774054,-0.277873851778636,0.902202679102988,-0.287011743297858,4,37.2998065494355,7.47235845244088,3.29085031135828
275,10.6999462568143,-0.177842772968901,0.231222198469998,0.444988710570764,0.601400879119022,0.560273833153191,4,46.2286267611927,7.14234034706418,4.59470035829947
276,9.37813091129126,-0.065865108486177,-0.093173028748691,0.628865516626283,0.283469204577029,0.142125621209839,3,28.3265262477076,8.25847955237156,0.403268092584607
277,10.5946208551423,0.728816526062604,-0.384042109605808,0.134575412485533,-0.670572365041603,0.921956803035384,5,21.2530408699569,7.58670528565282,5.49588589939558
278,9.40237389073132,0.904699807008395,0.496464405472523,0.930890423999965,-0.323532010157434,-0.259436515427638,3,33.4144742226011,7.73596911551032,1.06242242847237
279,11.1034591709851,0.658090421732921,-0.873550971594522,1.40979792443827,0.498469914445151,0.965963518896935,4,29.8540724001634,8.7816860594366,13.6936704730802
280,9.41543052975485,-1.12298675991289,1.19251552307074,-1.55316702654185,0.292150100451262,-1.14758462353219,5,37.60367378693,7.42247595524529,-7.75152403937247
281,11.8997120562207,-0.516642623289419,-0.231915788271153,0.257776578946552,-0.02285335349614,1.10397235176527,0,37.3668712055677,7.66082872405009,0.511836560685233
282,10.4303172625614,0.715192275467473,-0.732822701222792,0.641484865593993,-0.943406818079132,1.48026528271165,1,22.4180709058524,7.52401167546548,0.367529365823014
283,10.5670536132955,-1.32401867854945,0.237776987522104,-1.4271768202003,-0.449879751452576,-1.0074492990425,2,28.6234138290802,7.60078952146061,-13.070911449291
284,9.94915439120603,0.231608076244159,-0.170030904653986,0.420593100282347,-0.429178520239134,0.904439687586917,1,48.3520631955004,7.62573134343762,0.424058450197321
285,10.0092874852401,0.929318712059542,-0.829807603783641,0.928894559919169,0.363775784845014,0.380278622718759,4,39.2359635442421,8.06353301705006,7.9085109291052
286,9.42836990725637,-0.669437568143589,0.914649637848147,0.098025155379982,1.24778865533889,-0.02666327360113,6,27.5548182222207,7.77254681357517,3.07389540843172
287,10.3377393472174,-0.04516253674486,0.135631755637137,0.601356993978306,0.65278369448581,-1.16352494310695,2,48.874581799379,7.72321747245027,-2.13214109470919
288,10.6844110919282,-1.66716439077896,0.347433794260022,-2.19186649505282,0.335503381775468,-1.67305127477478,2,31.7627053286022,7.33199890710948,-16.133014370539
289,9.53820704456851,1.4014674398135,-0.620829065890393,0.986153183605933,0.527438460367566,0.642850387939691,3,23.0102098548442,8.31604256039091,7.73743142468246
290,9.48210961531341,0.666500033577725,0.990806100880875,-0.127306935169188,-0.669048132055594,0.694175854605846,3,33.3356117583163,8.44153294433751,4.96317535132596
291,10.7678933082869,-1.27354596059889,-0.365890941984077,-0.663023150525488,-0.375989611516713,-0.901832246777502,0,27.2407985755947,7.36659697269607,-15.8993670305119
292,9.46615369489968,1.05327663622661,0.41173203757346,0.458283260430029,-0.09047533773889,0.482195205800644,1,38.2632122140974,7.81583326085958,1.93943131588913
293,10.4430140589159,-0.135529761848929,-0.161262965827042,-0.735142900140665,0.608362479162579,-1.10722430168959,2,42.1385993391827,8.77685172125614,-0.890312275890501
294,9.96114928359457,1.5867742600125,-0.452853934011692,1.19785069369256,-2.11896265666572,1.12291336472682,2,39.7155503763122,8.08651321970588,5.45151065344138
295,11.2098636687412,0.25505828017358,0.8330404482307,0.9546127729507,-1.31179652526883,0.347725156398578,4,39.1456103649464,7.39675934804935,4.01335520897251
296,11.6194112354314,1.74370228611324,-0.402775262316474,2.18188368737969,-0.092498976932917,0.903632667362245,3,47.9928463827564,7.5929558231932,14.9262683963035
297,9.29605533568965,0.358626637839066,0.088470323756629,0.055825895312559,0.485177193862172,0.546693862155948,4,26.1508457054728,7.83377294965105,2.87814798995469
298,9.37405230937646,0.704957761838889,0.355573565680471,-1.02047140809171,0.834343790994176,-1.11467180642827,6,37.0001832927803,8.04792375904979,3.47652154935378
299,9.75109091929312,0.728530973131855,0.162314140865534,1.11535642216903,1.05801138906472,1.2354306015862,4,27.7411036292081,9.35211456025248,15.9516942939792
300,10.1112396865192,0.034076583215719,0.185487657285004,-1.09677445569489,0.419576195251129,-0.918239515910589,2,46.9896431206688,7.20950664039039,-5.98916030444872
301,10.1250919434382,0.039411956562906,-1.37613322715323,0.105270294299261,-1.20590647328003,0.011688218013395,5,21.4214220207487,8.47968471201164,-0.240640369148789
302,9.26884493562738,-1.1361981936057,1.36474233156598,-0.598384891086772,0.460039233867396,-0.253445673225916,2,30.5970834189808,8.31161894950353,-5.45239800086153
303,10.1837946575114,-0.236577394194262,0.147463496520687,-0.188302198269455,-0.647076054998655,-0.07028872645783,5,25.6790825301723,7.70809981921698,-1.08368613664965
304,9.41216888740568,1.18079299065376,0.352422081615898,1.96921208610722,0.719277744610569,1.22188157326697,5,44.9612880854714,9.03183574726719,19.6608465940283
305,9.85482501512785,0.385793645387205,0.712443270657637,-0.034813949967768,0.116455679028019,-1.13735719581132,3,42.3297482883676,7.6633720129005,-2.08491962075528
306,10.2439185838695,-0.497262125514826,0.819025397138545,0.482460376786807,1.07866082518496,0.19366470209085,2,32.0435590287336,7.17358565643369,-1.65634965526729
307,9.90989384258463,-0.693472148126464,-0.230820889413419,-0.43527201303774,0.694652116079844,-1.04605399600595,2,27.1301066783949,8.40396437810975,-6.5449018453502
308,8.57689204067503,0.024043855183109,-0.838767585173534,0.135768406719299,-0.375080215924335,1.10447983100175,2,42.3140525932272,7.9154031617895,-1.72667945041214
309,10.3399361262588,-0.765752868913384,-0.850489213335884,0.340975494178506,-0.466557743425219,0.181317744149995,2,22.4616013254788,7.47349545558413,-7.90801556957785
310,10.1231728283549,-0.081818902786458,0.541941217140498,0.491040478614977,-0.999058200143563,0.038244700632009,2,21.5895349746333,7.93043070319819,-3.9890794995445
311,9.4646424214629,2.06423455801584,-1.57822957507431,1.15015085346067,-1.88125623722246,0.915074985335895,2,42.4485545129887,7.80375352157348,3.71818817732092
312,10.2697343874251,0.308004471389223,0.405824684853963,1.21993012383096,0.009060976081323,0.832530025600646,5,36.6375346701699,7.99538960682854,9.87243074091354
313,9.99813580082797,-0.071113561895065,-0.753348980905612,0.378324227533698,-0.104701214385134,-0.58284127664565,2,38.5642802426127,7.44798556801264,-6.08680320191342
314,9.84535315164866,-1.69412146278672,0.95168976143029,-1.24780643596999,1.16459540010774,-0.762634674334242,2,31.6815607979846,8.10088301351004,-8.46550928808335
315,10.1991878402057,-0.567451840243231,0.575483758227539,-0.170383394290188,-0.257271311369201,-0.566151271148506,0,22.6160669961116,8.36577036740989,-8.21147211927627
316,9.73246677842782,0.698698393429138,1.5027533656998,-0.872865725821305,2.38749362992506,-1.32092037171414,2,26.8451361619856,8.04078103009759,1.00003944871336
317,10.0510266718197,-0.583319228189908,-0.032267989825044,-0.303092838265691,-0.128823938289237,-0.242537441350598,1,20.2717556711837,7.96058728320345,-8.34018089631069
318,10.5274755270541,-0.349485759720302,0.182095156250792,-0.614708817087962,0.004629477899316,-0.668885465544607,1,25.4644870867288,8.51028117180549,-5.10908368013539
319,9.79588151367601,1.96056251199444,0.889452470454948,0.279528139567378,0.521709317983573,1.10845259900852,5,27.6081481072203,8.35566925167874,16.7473812619914
320,10.9065641230361,-1.76285141468259,-0.671891097396991,-0.67026526201903,-0.295639063304773,-0.779043258268927,3,26.9206144327019,8.79710535767039,-7.28479636003523
321,9.53150048113235,-0.991036544465818,0.872895895036044,-0.541621328716334,0.157403702172488,-0.3103389250781,2,33.462528865606,8.10889423299401,-6.14950742186984
322,11.6543551988084,-0.500600682935113,-0.227520991746473,0.39396822825777,-0.495309998624844,-0.329560604239296,4,38.2400052214225,7.01029348087451,-1.9392023160415
323,10.1714870026488,0.205734704339961,-0.287380931365598,1.57289101044007,-0.157257910256195,1.77876540734699,2,33.4108988974868,6.48321430746084,1.16847770599773
324,10.3857501509222,-0.644030502677319,1.10861930987317,-0.413543277443875,1.79087203169738,0.020662797787291,2,43.1422106552441,7.64991589592241,1.37057774582791
325,10.7542034089298,0.836339904398972,0.786348941886441,1.7711350872727,0.74066388980512,0.836908990367344,3,32.6851259022818,7.55479613078796,10.3347915315004
326,10.6436813291838,0.734155792983665,-0.114335670676417,-0.303552534889574,-0.82457610564787,-0.627009540005341,2,36.4752164264932,7.72649849237359,-2.59824571036199
327,10.2777003002895,-2.44264205769297,-0.464894361393615,-1.77709860234869,0.265995580995179,-1.9071850968402,4,44.207551795541,7.99804254571835,-14.3546697262806
328,9.16543253859465,0.318626516322232,-0.292051035006086,0.425739504332246,0.705880526505178,1.12306879816991,7,44.7677527760942,8.05179079022237,12.4290191326883
329,9.24840729909926,-0.381710220427402,-1.00267720033728,-0.141676170116791,-1.90624826513173,0.470205259534303,1,46.2715001138324,8.37575103860529,-7.05297393707893
330,8.99337736027755,0.929400193675899,0.647855781184907,0.513298155625373,0.132750868245081,1.18723482003242,2,28.1590507328792,7.66225856474971,3.53998511211456
331,9.10045268765515,-0.927188154473776,-0.365090704801709,-1.37012952181858,0.249190973563189,-0.334510214280658,5,43.9791652078034,8.3049603573156,-2.6744234753934
332,9.29554878190908,-0.8514970741026,-0.108887025121762,-1.10214279103534,-0.422736394688881,-1.07986250559117,4,28.2358353337824,7.77566282329492,-10.6578075802999
333,9.98799940834618,2.07488490422782,-0.587233557295716,1.04266699031017,0.385776114385726,1.3022952393807,1,47.0331083877837,7.86399654340043,11.2803068081305
334,9.4909493409224,-0.103798650053421,0.328334297323184,0.529392848675258,0.561610123274635,0.784701249843976,4,24.7737693562027,8.07817634027095,4.18578055713242
335,9.53966398575721,1.16121231305902,-0.436223483929624,1.02632679975796,0.050284262992321,0.14516646080782,2,36.3853912231859,8.12334882037989,3.69016983213779
336,10.134201759043,-0.655745241185325,-0.489824168632034,-0.259548543494463,-1.35832268844366,-0.489499168870251,5,43.3198429161537,7.89985587757178,-3.79773139469463
337,9.98196097768096,-0.004900641418851,1.21332960299847,-0.108070919754879,1.62684024490269,-0.774695290263973,2,47.2346443601982,7.24884559865621,-0.81018239548082
338,10.2445293865419,0.237863692473442,0.721569488641879,0.519927029021333,-0.608832892145828,1.64810182900589,6,22.8408606694658,7.74752249136411,9.71931905117603
339,10.5926175123863,-0.633622084119954,1.002039310997,0.46146236304695,0.492372188032232,0.204574139159124,8,28.4198055464115,7.86860197200998,9.00625881367198
340,9.48858008312743,-0.525607807044589,-1.05727970284322,-0.542058619468689,-0.807567276304551,-0.756493406730916,2,39.1450538607408,8.37421281464873,-8.84550545595952
341,9.89296079097727,-0.198424855242168,0.220977073862442,0.283814871180835,0.520266203267348,0.249985360440583,0,25.7522765926622,7.77256248865642,-4.82446830488257
342,10.1623730059979,-0.051030412849898,-0.905661671026464,-1.24023632295982,-0.45018231329327,0.372898579736692,1,42.3625667680682,8.7620856656833,-1.32042770200472
343,9.41491780416146,0.930716765215679,-0.816839912928989,1.44972781977595,-1.28714940354808,1.18793887135388,3,34.1880978346458,7.91699409348404,3.9427113552001
344,9.66856449105416,0.798865681565781,-0.790711780729546,2.31569905966049,-2.01487233287492,1.66751788865178,1,45.3536772848917,8.11803312379968,4.14153825295419
345,10.9676749922407,-1.21218824523166,-1.81192768588322,-0.873886685924959,0.64861263720354,-0.479693087165639,0,47.0480667253237,7.74503243680289,-9.98158225699538
346,10.0570060415081,-0.126832459122005,0.226547947391254,-0.365835749695216,-0.42174375335495,0.263697537774452,2,48.1241253321915,8.43873096915652,1.25331567601243
347,11.2115221045734,-0.675454801085586,-0.460383145603095,0.119511541836033,-0.765246474969075,-0.821051376809995,2,38.5452572739538,8.18836565648796,-5.06659452201007
348,9.67131679583212,0.295291834072746,0.542118898287893,-0.614816960455067,-0.878658795074226,-1.11059393581295,2,36.0146204788663,7.65436813913481,-7.97149426250784
349,9.65325474304625,0.181339186613247,0.081699668627537,0.748003387371173,0.650073125027873,0.551493226982872,2,43.2474710661147,7.85641551892083,3.12412353938127
350,9.8703501028927,0.20904260717865,2.14487805254896,-0.606652830233989,1.93390081365692,0.038247261725922,4,44.5433778550309,7.27049182282343,6.61911472338274
351,10.3847783679736,0.660569770515513,0.183792131555894,0.338337049927212,0.560253568149374,0.610196860860698,3,46.0501533593706,8.03679215332075,8.66165949888001
352,9.93417434464718,0.774756783539026,1.49836827373899,-0.144580951829307,1.36916019064655,0.527403668057921,1,24.3205297313866,8.93714481255395,8.35519886397674
353,9.88714552518602,-0.146513146075393,0.262620338415291,-0.368786672863303,0.388139911756243,-0.391313517469886,5,44.3670394334606,7.32298011444689,0.296433460435478
354,9.75612790380921,-0.71883358925435,-0.69663221026911,-0.731181113092337,-0.926063359519449,-1.08537536716031,3,36.4790983254343,8.31652378227942,-9.12163843088562
355,9.5020870480342,-0.099494767240558,-3.19129177416605,-0.782175048175889,-2.05302262908572,-0.742912522428006,4,27.6956328267354,8.55662152178243,-10.2802824871973
356,8.94736048485996,-1.95254622699334,0.873491335943215,-3.56742436592789,0.405822084909508,-1.67100983365065,5,31.5855309178654,6.47497488555362,-20.3150314977828
357,10.5279721587993,0.700944708588822,-2.00844615700955,0.353309194342682,-3.08374185882624,-0.589706312811988,4,43.0057832106312,7.08366727390614,-7.70676308534191
358,10.0145126646646,0.287143603020961,-0.915395924949435,0.767236385424457,0.569507685754243,-0.102003534094779,1,34.1879341039049,7.97207211106694,-1.50130652787738
359,11.0360200851276,0.696729948763677,-0.256726663532563,0.300608087590162,-0.452901489365823,0.344427690151047,1,45.5928032238283,8.66321424899019,5.78137503737158
360,10.0678873882605,-0.273184162720852,0.57534627577647,-0.484571504124546,-0.300970010747129,-0.74006246285681,6,23.6129850820089,8.45392268303536,1.18887174510877
361,10.4913063959914,0.611949694394907,0.621650423721918,0.704268037724504,0.395744378645229,0.913238297436015,5,49.2842473381497,8.07271119148013,13.9643753531776
362,10.1751524607228,-2.02034283003149,-0.431628395850247,-1.26762728782994,-1.09875611327391,-1.26636983352101,4,30.628346913174,8.38760776165001,-13.1329408268108
363,10.9390648808538,0.87757277016414,-0.358427574692461,-0.568315365597145,-0.83683431729629,0.562739960776347,2,22.1003584094165,8.64162101939067,3.82453256854461
364,9.88017888853675,-0.405031367421722,-1.11056333332208,0.390544424053558,-1.45495711295219,0.248768775067216,6,21.1245718991199,7.77102678658535,-2.5723110992775
365,10.5525695405301,-0.016712030885542,-0.062387369867122,0.089979455318994,0.431796525302685,0.28367461337228,4,48.3858090250575,8.45372458884788,7.90791858490799
366,10.6051331192225,-0.190052351567025,0.01166841513617,0.085359968794998,-0.24943256067598,-0.722265462446107,3,32.4549450146467,8.15459371505354,-1.92448561683947
367,9.20589804726219,-0.750588408407782,-0.530904517773729,0.084465800795877,0.842582422205078,0.552980576125154,3,38.0911571352955,7.9024211913536,-1.25337627041588
368,9.23712065911559,0.117753808496919,-0.368102132790464,0.663528702997106,-1.58907493601135,-0.287238923672104,1,32.2188129131359,7.29249029518609,-11.152518074954
369,10.1595408737159,-1.24355193515133,-0.868970814285194,-1.1765546783342,-1.6223350198053,-1.05914872433036,2,40.7264106870459,6.72650434640833,-19.2265739523339
370,9.19513514523283,-0.609377894813983,0.692601883774768,-0.550778940541513,-0.45733605066161,-1.23643792783131,4,22.0789035273689,7.51377268884872,-10.6618307502991
371,10.169417831733,1.83101775574303,0.588650598313463,1.69435208784695,0.011313899488947,0.970434728828182,2,41.9682917854972,8.31842435585325,13.6929910234023
372,10.5969661693842,-0.825749848959742,0.987446223882999,-0.839070555176413,1.52181387623102,-0.15978737145678,1,29.0437316804483,7.60094906026906,-4.00444841923271
373,10.7217648765051,-0.015880196008651,0.612526443434843,0.275828342612925,-0.042347567690055,-0.4422683077854,0,39.0786529305484,6.52456759798077,-8.58529209474647
374,10.2065886781987,-0.619610685897229,-0.420625487473174,-0.787930562830039,-0.989118466183344,-1.05149555278013,1,35.2841245944652,8.15067184554304,-11.3512246566995
375,10.9923720181399,0.227640489795733,-0.661991951689282,-0.03519965162454,0.807319137074438,-0.83959129275413,2,25.9760622160124,8.54910418584997,0.458588580267195
376,9.85730056237071,-0.428868608026757,1.22834122185593,-0.052900276507594,0.052426300848399,-0.047444574020995,1,34.4449736763481,7.63519210882682,-4.87721325914124
377,10.7137808389666,-0.146330979461136,-0.086126339995166,0.297378019236764,-0.554347196617196,0.347252901807412,3,49.4823481396319,7.9713505885889,2.94710158847151
378,10.3237375069347,0.3362530542257,0.03256765778618,0.356265425856033,-0.303461652890947,0.148551304655003,0,32.5304123869261,8.29461177003204,-1.43498880142228
379,8.94976963888104,0.087669682782569,-0.933825313858144,0.470909262605877,-0.381529526087197,0.918374401294846,7,27.6788612142638,7.90269289802531,4.87860284569136
380,10.3442407048084,1.02676837940074,0.281691149937952,0.384847856165784,0.629718126727459,0.942377833480779,5,31.2778962032071,7.33604859538253,10.1591433103502
381,10.0628492997774,-0.497853495380046,0.030393691156808,0.409358124132037,-0.690088576582964,0.301291812970639,5,42.2589699460316,8.15593959029746,3.01351806600332
382,9.95567687869668,-0.238694869298134,-0.240017838004617,-0.673482528699353,0.151121261832147,-0.415127491467245,1,31.6981367081079,7.82678387541938,-7.1689053416431
383,9.19969618306631,-0.654017984161152,0.021812084620568,0.039610928633608,0.246828984538911,-0.470479391770914,6,40.0526242287415,7.61670237846381,-1.31075779346291
384,10.7260102555563,-1.73349634131766,0.792802831047586,-0.580331363884535,0.764331674358213,-1.71951495154157,3,46.7526620692877,7.56201825523173,-9.03232334197424
385,9.37144231875279,-1.01932577387028,-1.07030313273311,-0.014904034173711,-1.17482191608974,-0.483174888818187,2,35.60906047914,7.9795349193118,-12.0075444323044
386,9.53813458088058,-1.17891572896558,-0.584799564647566,-0.143446217786715,0.812916600632543,-0.194250057899802,3,49.2856731710409,8.03978273603564,-3.29529550227028
387,10.134327603335,-0.896705513562316,0.233018303260187,0.337830420317478,-0.070669087890365,-0.074594526643936,8,35.3520143064884,7.87511753458286,4.63462807060197
388,10.3859825430035,-0.211469535651353,-0.313011023907455,-0.071181494189084,-0.9945859992179,-0.686221904557912,2,31.9515994854399,8.01410316497161,-6.60587708277148
389,8.94200319338306,-0.096239999897353,-0.014312844149819,-0.950409535661006,-0.714923993239319,-0.737183954705325,0,44.1293645746915,7.94889830790327,-11.4623623465067
390,9.57037950312363,1.2401919877717,0.792069613629545,-0.192675346835169,-0.152319253137967,0.728392617833253,1,39.7452544947052,7.82048153929425,3.48276765623522
391,10.7553793917684,0.043368194563473,-0.385420193827857,0.209187590580406,0.396262193193781,0.081522676483057,4,21.5510328275893,8.36535929092042,4.11912894290474
392,9.73331685680801,0.178281711317324,-0.057560714895245,0.501831888713485,-0.819526739551515,-0.567595600383284,9,38.1648712987465,7.98946342203039,6.54359971422416
393,9.98314269418122,0.857467962998764,-0.43423787134573,0.921258441348043,-0.130021968834252,0.458909280264338,0,31.8762824089006,7.68925495231649,-1.07516283180578
394,10.6530731700648,-0.993585698402537,1.27439028785851,-0.455974259629637,2.38523787343337,0.149641411363564,3,28.1625995194186,9.41593053242515,8.90348095348758
395,9.61139220113947,-0.781288004696208,-0.87129442016334,-0.653063874582991,0.191476224783444,-0.510896393494201,5,32.8793872753985,8.04591447931813,-3.8056863357956
396,10.6533596660514,1.30023551424827,-0.426039219206103,0.882519181449147,-0.486894821420924,0.83435297877935,3,21.3808551407113,7.51591010582296,5.28179995123725
397,9.94805991987686,-0.134129752572798,0.020058057731239,-0.4810820361856,-1.26478635394044,0.741714903648512,1,42.2224461052864,7.79438740257101,-4.10796543205705
398,11.1893121014438,0.231867248064618,0.05737317915974,-0.410555853531909,1.34610380816448,-0.705193778117987,2,35.3961660138444,8.0359800955159,2.11876864679848
399,11.2214066656902,0.417366129405447,0.212641827138164,0.914209360713865,-0.426749456270656,-0.265617774485893,2,41.0391246242023,8.36084908267967,4.26849769817634
400,10.1737865234539,0.459681504792666,-0.834609567030821,-0.13485643203941,-1.19480212989239,-0.375378180825962,2,22.3360916216845,7.50983164139077,-7.6420049290003
401,9.78903309844464,0.19715925340681,-0.159752746268257,0.643635935390577,-0.350775299242076,0.226191361243731,1,21.3443312183812,7.73759485548636,-4.6561351463761
402,9.57651199757808,-1.14023177951499,2.22423320347175,0.288940941074515,0.91653404970091,-0.544273327738563,2,49.1712913840957,7.95827207340121,-1.95964817212989
403,9.53011399520056,0.095986475680743,0.66871769857727,-0.214515135840063,1.09588764924599,0.963876033995752,0,36.6181317056413,8.21959708528123,2.0415895224734
404,9.79958878779153,0.32620003175629,0.07205677582677,0.49631906975964,-0.436570768784622,1.02836435231266,4,30.1810928534372,8.43420317280266,6.78229801976447
405,9.33675981966375,0.309011576000463,-0.385767379940872,0.23534076161527,-1.9276819928751,0.098090017750807,4,41.4379520690686,7.60063263367328,-3.3034224927529
406,10.7919700111416,0.538916573984451,0.957514650431646,0.117072401757897,0.820280593015091,0.098371583914266,3,49.0874435720858,7.52096058033336,6.98941884562559
407,9.44497944999331,-1.91431869638966,0.686284582901536,-1.88214986571257,-0.264135580916009,-1.77966451684039,5,49.5002948381235,7.64585268203835,-12.7506289689824
408,9.44733816355221,1.68587446901854,-0.453142610043529,1.98704078773551,0.235660049017503,1.17126340145011,2,30.4077898219565,7.34176034828029,6.85585146550474
409,10.3643440965071,1.90655183669903,-0.061574684175812,1.63540802625854,0.250727834402763,0.747039453067718,1,35.718517101449,8.32564474616018,11.0167801326866
410,10.3049059942474,-0.467102377915152,-0.140515461049831,0.043072384739963,-0.148839959904944,-0.657265990283968,4,38.7623707199509,7.28913366499817,-4.34909059386567
411,9.35064351543313,0.634577351719465,-0.858727946969139,1.07210047054812,-2.13528929354384,1.16616866954325,3,34.1735310914681,7.48605643050824,-1.21954010676608
412,9.85844490056917,0.047964884476661,0.276220912608912,-0.222334464139198,-0.985122410720694,-0.038406473403087,5,28.2772542114647,7.31200242044889,-2.39631544218335
413,8.19315103635988,1.55510684942944,-0.041901921505889,0.854206542988856,0.014177345126011,1.05245243692633,3,24.4275138597311,7.47870989101453,3.35228759230266
414,9.66509338557923,-1.10926092771296,0.00301862301893,-1.38015259040306,-1.24778793415967,-1.30976921923957,3,49.8721079724385,7.63799325147524,-13.0721322469106
415,9.79315362433497,0.487114091086276,0.039002628431375,0.340304848562503,-0.245786539004158,0.262779878545419,1,38.7642583550642,7.94655551700284,-0.565670488060855
416,10.2259060077961,0.769660221659547,-1.10626335737083,1.0264201865832,-0.704540607166211,1.66561731599225,6,31.4642035592706,7.41724468808458,9.5763019217383
417,9.98189896865916,0.299622409100516,-0.614311491950059,-0.14323910280862,-0.927044306686912,-0.559047877935126,4,29.931285030821,8.64825103610542,-0.277414578849219
418,10.8426129137936,-0.430564850456341,0.543348835476597,-1.45228110275482,0.443364915277909,-0.514878698543218,2,36.0257340315566,8.95944915322073,0.628594395614807
419,10.0659861524952,0.041981330364099,-0.470135239135159,0.467212616032619,0.894710461218471,0.456638228332828,1,42.8375251208387,8.48551267858417,3.44023422881475
420,9.98069961881945,-0.233679386089208,-0.148117571612699,0.960254385734714,-0.17170211683854,0.141570337951299,6,30.8416977016555,8.20419215645708,5.15085892922289
421,10.8740376166463,1.08069379941149,2.02231963101452,2.23054616590559,1.53612858510882,1.56196657514053,3,30.0702979077006,8.57707019584618,21.2285031939741
422,10.4866453859447,0.128245784133361,-0.683841992882014,-0.080992928551528,1.45390146965504,0.004527344733572,4,21.1463072063741,8.55971440899993,5.76379351835557
423,9.13996193154323,1.49880117627029,-0.949494833705742,0.583594764091758,-0.374682675089638,1.0023345151298,4,45.0448605713705,7.94949512982132,8.43148741715296
424,10.4684670516004,-0.673844028207764,0.252331038734889,0.107360956089539,-0.784003271409529,-0.025613392791926,5,45.2119312421411,8.07764985109024,1.88743466348315
425,8.06735091614541,-0.866643475898942,0.112457071592856,-0.148061709092072,0.734259885841997,-0.853132972684707,3,43.041573866665,8.56951761314632,-5.67603833447257
426,11.0783220056496,-1.03992449687097,0.293661924794836,-0.100706375503917,1.27473520726755,-0.58379086157206,2,25.8903557461141,8.23032128795816,-2.22558493533866
427,10.5403733796707,-0.641850266609514,1.86643503162014,0.372287202066633,1.36540200945888,-0.014053942324067,3,46.0216290308889,9.12304328700667,9.89467054289431
428,10.0679514033559,2.2175701381194,-0.463918269715394,2.04567139559575,0.683877166676667,0.868868242844923,4,46.0859712700764,8.20145885772643,18.1575756689407
429,10.0548224879902,0.045818277878912,0.487369084371817,0.466505166817577,1.98363159309359,-0.269562651309865,2,20.9321827085687,8.49281864876076,3.41013016432977
430,9.87928626164072,0.68966419317126,0.413891911503172,-0.159965822060982,0.577286090572351,0.913410860619624,2,28.4930858086088,7.5751548609891,3.2038940366775
431,9.86812327958402,-0.741419474846141,0.507912951950857,-1.06528629932577,0.303901845282981,-0.263960844440042,4,48.5414330829079,8.85597972334571,2.4913897930709
432,9.66468393667827,-0.584195420463868,-0.914211203404576,0.449034278947553,-0.374096528003064,-0.570891503253613,2,46.6681058239461,7.46553199364644,-8.32938286920425
433,9.16570046522386,-0.024195031294398,-0.229527269689028,0.546876569730859,-0.124526756626416,-0.168247227120323,4,30.3077679409676,8.15574138006752,-0.714626840286857
434,10.2219582891285,0.489846809698631,0.010104386498455,0.424338588806686,-0.201221936916098,0.219009040492855,2,39.3634128565034,7.94994453986427,1.99196680503309
435,9.73165090777973,0.664886696981555,-0.451739377046989,0.739226725174337,-0.24848071265997,1.37363499858895,0,34.6531249949727,8.55757307681665,3.92660113742712
436,10.5566375622944,-0.252311027841899,0.325990891879428,0.09742885835076,0.300933454445491,-0.948955885313467,2,27.2711003925708,7.43295531357826,-6.3122238273385
437,10.1006168364667,-0.725409303475153,-0.379007907634028,-0.197728871029582,1.76408094027854,-0.013694237424706,1,40.0894963161443,7.80577800004425,-2.61382244107894
438,7.85622612852436,0.299738642914797,-1.16871006655206,1.19261071299696,-1.8715220327349,0.981341147284099,2,28.1926571517698,7.34013728835345,-8.77926385842001
439,9.88449333074551,0.452458816776465,0.061673859804697,-0.053465589225277,-0.309359613553756,0.79021111716632,6,48.5986061564967,8.68141434862345,12.3282764703425
440,9.71183078118622,0.01554380314655,-0.058265388817167,0.428158622808861,0.611010073123303,-0.34721321832156,2,23.0074024940711,7.61375033221626,-4.32906832315918
441,9.06268387776932,-1.19997321758604,0.819817747657948,0.480393151122408,1.0888744217018,-0.907188005789865,1,49.7356712036461,8.19602321024981,-6.29080356596524
442,9.29259965428627,-1.83738049863158,1.32343536145702,-1.57204854115506,1.20853967571844,-1.28773343906026,6,30.8045646209169,7.90996933838471,-6.49676397918215
443,9.35090130126794,-0.039216137000563,0.058444680788817,0.298499957641956,1.20660118804459,0.322251141470128,3,43.4993114743038,7.64899065665971,2.27511174006477
444,9.24462449003998,0.331672244167466,-1.29152842671105,0.825196174384799,-1.27011134718972,0.09957059081793,2,28.719009705651,8.7815222355389,-2.61873273966633
445,9.18572025298468,1.05086646435726,0.479416086223322,-0.116451248061393,0.762602564012274,0.60967437499541,2,22.7933234962543,8.12144906646921,3.86831058960908
446,11.3963653027364,0.190105389921512,0.431393859126206,0.4645234187304,1.67217390932235,0.935269264747626,3,42.0449277687668,8.83412458737311,15.5358675139299
447,10.8145533302601,1.42862434444792,0.590779852886301,1.77112177507455,1.10197368447938,2.0471739202545,3,47.2092152088688,8.26366463007908,21.6591590547827
448,9.62968437933164,0.23686136347914,0.703514774126345,0.360813886361906,-0.029058804926866,-0.665253694551016,1,46.2709020769686,7.42762313899552,-4.83446827527435
449,9.17457396370815,0.70751094908906,0.813569394421458,0.299561403989955,0.469686593753824,1.09381749033826,6,32.2564318013908,7.79806718093785,10.5798213812923
450,11.1487316378647,-0.506927085647559,0.482260444879015,-0.44127872049963,-1.63814280664519,-0.465086978171178,6,40.4572474322898,7.58090117811494,-0.546820333467546
451,9.22664180562038,-1.51385184836073,-2.15779739239269,-1.35425975464022,-2.28958112786004,-1.70467836507756,6,40.5346838543818,7.9614904713403,-16.9432005264763
452,11.1380446566236,0.407075029554399,-0.586482945775433,0.765526639542817,-0.041696701526784,0.857656802820013,2,25.7641017922087,8.16517445197014,5.11905007495381
453,10.9697129570819,-0.752827609756241,1.03641382541261,-0.855888336982568,0.367155437598555,-1.1954383461244,3,35.3273057392812,7.45360766668455,-5.65340207185988
454,9.76443486684596,-0.051197278140345,0.147402046954176,0.496850131395811,-0.508312162920951,0.512193815799666,4,36.7622010087937,8.39461168106899,4.08212591641867
455,10.3637157672785,-1.01231689353546,-0.323845298409422,-0.18874318281513,0.426134299423658,-0.900121883812131,3,37.599608141514,8.4604189004518,-3.66669909646178
456,10.1260897064893,-0.626508489710884,-0.447128342043845,-0.830669855703889,-0.769573724018584,-1.15683215265526,6,31.9819312220967,7.83506408639905,-5.40916145152191
457,9.72225288694399,0.320542543527958,1.37725548882944,1.12861951946687,1.27325779299301,0.157844475398589,3,37.3466020795997,7.92450546019734,6.86638571807589
458,9.81156158155879,-0.960786733006953,1.2590148016463,-1.53242763192142,2.33809734162901,-1.32875512831152,4,28.4075781497182,7.61048572065467,-4.44593967066173
459,10.1472698835719,0.246711196725613,-0.523494309281841,0.100262061594006,-0.006747274565262,-0.225239511848639,5,38.6019417518882,9.24552463719401,8.11569982741215
460,9.03860386531877,-0.551792840593928,1.52521373477408,0.141420153546515,1.3781484331217,-0.864224692576009,0,36.3078677954357,8.9642039716039,-2.95498403985021
461,9.65170886084319,-0.687920112072204,1.31058238367537,-1.08880322762565,-0.924724714622401,-0.670342741975398,1,34.7613642919971,9.34229336969996,-5.17734122872362
462,9.53461677956328,0.445386201324187,-0.489194956685539,-0.425756414393054,1.20635097731389,0.20739949960627,4,47.0994721792455,6.84919930389415,1.5109160901721
463,10.261310835506,1.17129702103763,-0.332759236854474,2.19030753383881,-0.321138586287081,0.908330925126044,6,37.3837102621742,8.30971934030421,15.5889716404417
464,9.78793415201407,0.389762622071762,0.810922710796542,-0.250528827379326,0.585145937654983,0.163167524318761,5,28.4801223235509,7.44917596653657,3.84315602705111
465,10.0703224750079,0.238425436478218,1.15722289293838,0.517991413717932,0.828564989357562,1.22404877580808,3,38.846224835305,7.70960832054568,8.49264557492917
466,9.32073554346757,0.095771556444377,-0.261496799224547,0.122683720549236,0.257091389659411,-0.346285764729228,5,44.0885433431931,8.23645542190963,3.12916007424899
467,9.25465136581135,0.74171526450502,0.37433164731288,0.375522280220449,0.509540412900579,0.760719530852221,2,20.8459681674521,8.5515758336908,4.69609204709309
468,10.4069312902506,-1.11956016588189,1.55022099992638,-1.00958072894419,1.63791451792013,-0.374458438851228,2,27.5909670180141,7.72910279738613,-3.64988426906941
469,10.365783269048,0.553142110804669,-0.365138449500452,-0.214668118787842,-1.04668462728181,0.212692208063698,2,49.3690899887917,8.63520077912823,3.24750893539599
470,9.22829297410376,-1.132840929658,-0.336297487243034,-1.27012731602291,-1.00482994730604,-0.531524472065968,1,34.2997619898062,7.77640608304862,-15.5294220970244
471,9.22744475092608,-0.562742717242592,-0.134508511349763,-0.066899499630299,0.109719004226378,0.063020486075395,3,46.6505620804909,7.6693384640845,-3.32178662410686
472,11.6270108473504,-0.838063333279914,-0.212838581911599,-1.08672592947225,1.51305416180995,-0.347970662863056,4,42.819032619239,8.25233633927193,4.35550930310563
473,10.3114312514175,-0.835280258375249,-0.105668772016842,-0.933653776618983,-0.258035088171052,0.214899491282449,4,47.506894102717,8.87603705371437,2.94755194262517
474,10.4024114235243,0.524727811652105,-0.333040627266897,-0.344768117926236,1.04833707095953,0.048131336762779,3,27.8181221725601,8.34162528520371,4.88483310368955
475,9.94454877208615,-1.07629821604816,1.2179730452748,-0.75677461144457,2.89953468426324,-0.636229941842671,3,49.7551180674705,8.54424122533396,4.22927980524153
476,9.35879532262041,-0.625644460883778,0.877485058921399,-0.114569651070453,1.5572909230017,-0.902452664407553,5,35.8339893689429,7.6927834058653,-0.487849122920171
477,10.8721066838485,2.15565797593422,1.04728421843528,1.74408875112651,1.65103808344936,2.05804302484816,5,20.4892864175307,7.9400969839046,24.9650300442129
478,10.3740517627236,0.915192194268542,1.08397803070879,0.610882586891426,1.13285938693378,0.271599139271024,2,44.7590669060539,7.53929838950945,7.47781593213842
479,9.4489123489322,0.335277882458557,-1.02779602183421,-0.673940514240227,0.53942776088003,-0.651003659843201,2,27.4140711410934,8.53856473644743,-3.44993802086479
480,11.1699834662001,0.914921731119054,0.652303431058354,-0.630544031867679,0.988305253832978,0.460960105749531,1,45.067280540747,8.45349955870522,9.49234335410861
481,10.4746350246967,0.364085048677586,1.55711933759704,0.474234852397055,3.13440659774773,0.274201651178792,7,46.0953229651904,8.30910814383579,20.9944793424299
482,10.0708532224372,-0.456862859615186,-1.30506447428136,-0.568979278379036,-2.13623618171368,-0.51420045300436,3,45.3835331209954,8.17593091623165,-8.08826301660261
483,10.3307284183218,0.959435730280586,0.790340556236007,1.10263798044343,1.42775706262125,0.245169307612576,0,23.8906099372291,8.6931004518712,7.09897102402283
484,9.73048554204548,-1.44347385277228,-0.032795329392242,-0.452023348621166,-0.607475732148285,-1.23424957125441,3,28.0657558370844,8.5154597660223,-10.767908444582
485,9.29174447097141,-0.77682230108131,-0.246087606395627,-0.796862930351485,0.358484637606051,-1.80439079552218,1,28.8423786913869,7.81957026589301,-15.474953559609
486,7.83215991822159,-0.020698630954309,-0.539385570792434,0.296735106890108,0.367423546439438,0.214220248878688,5,32.2347125641474,8.45304735374974,0.96506651556535
487,10.403512777959,-0.954441804380873,0.795574937468535,-0.538834519457208,0.268034565889199,-0.430678380142127,3,33.543109045984,8.52679223246385,-1.30779453811025
488,9.25900036617023,-0.385550450663854,-0.331295229314266,-1.08417762901188,0.435354573005634,0.866772048578942,2,33.1985946867764,8.57458550842978,-0.258089383304074
489,9.55184260887352,-0.505910343829253,-0.184196009589678,0.632138191772096,0.588420381575835,-0.18587269595323,3,33.6154365627746,8.52554301772767,0.156546234509597
490,10.4012719661525,-0.512362856825849,-0.716504678333238,-0.415278232201442,-0.090696077723101,-0.17776376541169,4,47.1957298781851,7.26946526222539,-2.86257143457878
491,10.2058695106893,1.08171695454298,0.887312118143119,0.834352972555005,0.280689612516735,1.19626115406262,2,26.0735862174445,7.88706536445038,8.3225330103413
492,10.4723431047923,-1.24840286079054,-1.50789929863427,-0.390781153808342,-1.20793995563941,-1.46243609748606,3,22.5738350837462,8.30954068300398,-13.64261391054
493,10.0548634345565,-0.327542437536369,0.356619104589085,0.234039393210791,-0.611117867284688,0.688295652269543,2,31.8467935006244,8.43972280762908,0.580562565082459
494,9.16380629561353,1.20785565492634,-1.0689041720758,1.3871955102393,-1.3924864112077,0.428781825128075,2,21.5993289751131,8.04646619698857,-1.32678283948482
495,8.73816669033078,0.683626966740321,0.628895388994049,0.1802511163648,0.020549171685814,-1.28466784467217,5,41.8049821066791,8.94404855939552,3.80393782088962
496,9.2358541782134,0.373111744348351,0.728920332789996,-0.529921481524883,1.21690431359141,-0.056933830809791,3,25.8208774186722,7.47154884248925,-0.576509052384285
497,9.61587065151738,0.156426773036886,-0.068553844884473,-0.108681567412727,0.15662340919662,-0.966423413499442,3,42.5418644973384,8.26713609651324,-1.54115332769941
498,10.1944256939653,0.234973425470432,0.46416053694187,0.462860188032167,1.18325978467996,1.40651120306702,1,48.6300254014603,7.70103085406475,7.22150433325219
499,10.0259669633372,-0.537591606985174,1.71337121384375,-0.848417172975727,2.54710461983924,-0.196617137946445,1,25.0281662165321,8.24026437065282,0.632363669977315
